date,day_of_week,day_name,week_of_year,month,month_name,quarter,year,day_of_month,is_weekend,is_month_start,is_month_end,is_quarter_start,is_quarter_end,holiday_name,holiday_flag,holiday_type,days_to_holiday,days_from_holiday,promotion_event,major_event_flag,temperature_c,rainfall_mm,humidity_pct,weather_condition,inflation_index,consumer_confidence_index,unemployment_rate,fuel_price_index,marketing_campaign,campaign_type,campaign_intensity,digital_ad_spend,offline_ad_spend,campaign_active_flag
2026-02-01,7,Sunday,5,2,February,1,2026,1,True,True,False,False,False,,False,,13,6,,False,14.1,0.0,40.5,Cold,7.3,108.44,6.44,101.13,,,,174730.65,79311.58,False
2026-02-02,1,Monday,6,2,February,1,2026,2,False,False,False,False,False,,False,,12,7,,False,15.9,0.0,59.3,Pleasant,7.29,108.37,6.44,101.16,,,,165719.89,64635.33,False
2026-02-03,2,Tuesday,6,2,February,1,2026,3,False,False,False,False,False,,False,,11,8,,False,18.5,0.0,58.0,Pleasant,7.27,108.37,6.45,101.1,,,,129952.93,56528.74,False
2026-02-04,3,Wednesday,6,2,February,1,2026,4,False,False,False,False,False,,False,,10,9,,False,16.5,1.3,42.7,Pleasant,7.24,108.43,6.44,101.14,,,,136460.22,73026.86,False
2026-02-05,4,Thursday,6,2,February,1,2026,5,False,False,False,False,False,,False,,9,10,,False,16.6,0.0,49.9,Pleasant,7.27,108.34,6.44,101.19,,,,144319.47,73537.12,False
2026-02-06,5,Friday,6,2,February,1,2026,6,False,False,False,False,False,,False,,8,11,,False,17.8,0.0,57.0,Pleasant,7.28,108.04,6.45,101.15,,,,140913.58,59434.69,False
2026-02-07,6,Saturday,6,2,February,1,2026,7,True,False,False,False,False,,False,,7,12,,False,18.8,0.0,41.8,Pleasant,7.27,108.27,6.46,101.17,,,,198763.4,110975.74,False
2026-02-08,7,Sunday,6,2,February,1,2026,8,True,False,False,False,False,,False,,6,13,,False,19.2,0.0,48.4,Pleasant,7.25,108.37,6.45,101.15,,,,134955.72,101148.97,False
2026-02-09,1,Monday,7,2,February,1,2026,9,False,False,False,False,False,,False,,5,14,,False,17.0,0.0,63.2,Pleasant,7.24,108.64,6.47,101.12,,,,128879.44,76249.57,False
2026-02-10,2,Tuesday,7,2,February,1,2026,10,False,False,False,False,False,,False,,4,15,,False,17.8,0.0,62.3,Pleasant,7.23,108.67,6.46,101.15,,,,140975.15,80845.41,False
2026-02-11,3,Wednesday,7,2,February,1,2026,11,False,False,False,False,False,,False,,3,16,,False,17.2,0.0,57.9,Pleasant,7.25,108.82,6.47,101.11,,,,143586.63,91459.21,False
2026-02-12,4,Thursday,7,2,February,1,2026,12,False,False,False,False,False,,False,,2,17,,False,17.4,0.0,58.2,Pleasant,7.28,108.96,6.45,101.08,,,,111989.91,48591.51,False
2026-02-13,5,Friday,7,2,February,1,2026,13,False,False,False,False,False,,False,,1,18,,False,17.6,1.3,58.6,Pleasant,7.29,108.91,6.45,101.1,,,,135495.46,49749.39,False
2026-02-14,6,Saturday,7,2,February,1,2026,14,True,False,False,False,False,Valentine's Day,True,Commercial,0,0,,False,19.0,0.0,58.8,Pleasant,7.31,108.99,6.45,101.1,,,,192071.05,104336.05,False
2026-02-15,7,Sunday,7,2,February,1,2026,15,True,False,False,False,False,,False,,16,1,,False,19.5,1.6,56.2,Pleasant,7.28,108.92,6.46,101.07,,,,192379.15,85660.25,False
2026-02-16,1,Monday,8,2,February,1,2026,16,False,False,False,False,False,,False,,15,2,,False,19.8,0.0,53.2,Pleasant,7.27,109.01,6.44,101.05,,,,142271.16,69225.95,False
2026-02-17,2,Tuesday,8,2,February,1,2026,17,False,False,False,False,False,,False,,14,3,,False,20.0,0.0,63.8,Pleasant,7.28,108.98,6.44,101.09,,,,121073.1,70396.89,False
2026-02-18,3,Wednesday,8,2,February,1,2026,18,False,False,False,False,False,,False,,13,4,,False,19.6,0.0,54.6,Pleasant,7.3,109.04,6.44,101.05,,,,151525.6,67885.59,False
2026-02-19,4,Thursday,8,2,February,1,2026,19,False,False,False,False,False,,False,,12,5,,False,20.7,0.0,62.5,Pleasant,7.29,109.1,6.43,100.99,,,,119267.96,57766.36,False
2026-02-20,5,Friday,8,2,February,1,2026,20,False,False,False,False,False,,False,,11,6,,False,20.9,2.2,47.7,Light Rain,7.29,108.97,6.43,101.06,,,,128043.57,75004.69,False
2026-02-21,6,Saturday,8,2,February,1,2026,21,True,False,False,False,False,,False,,10,7,,False,21.1,0.0,46.8,Pleasant,7.32,108.77,6.43,101.04,,,,188519.51,112463.07,False
2026-02-22,7,Sunday,8,2,February,1,2026,22,True,False,False,False,False,,False,,9,8,,False,19.6,0.0,49.6,Pleasant,7.3,108.84,6.44,101.07,,,,195833.47,99644.25,False
2026-02-23,1,Monday,9,2,February,1,2026,23,False,False,False,False,False,,False,,8,9,,False,21.2,0.0,48.2,Pleasant,7.31,108.72,6.43,101.1,,,,143937.33,72659.86,False
2026-02-24,2,Tuesday,9,2,February,1,2026,24,False,False,False,False,False,,False,,7,10,,False,19.8,0.0,60.4,Pleasant,7.31,108.7,6.43,101.18,,,,126880.35,53572.96,False
2026-02-25,3,Wednesday,9,2,February,1,2026,25,False,False,False,False,False,,False,,6,11,,False,20.9,0.0,50.6,Pleasant,7.3,108.5,6.43,101.19,,,,122921.57,60405.05,False
2026-02-26,4,Thursday,9,2,February,1,2026,26,False,False,False,False,False,,False,,5,12,,False,20.4,0.0,58.0,Pleasant,7.33,108.57,6.43,101.12,,,,141809.67,84448.94,False
2026-02-27,5,Friday,9,2,February,1,2026,27,False,False,False,False,False,,False,,4,13,,False,22.1,0.0,62.7,Pleasant,7.35,108.64,6.44,101.16,,,,121208.33,52949.62,False
2026-02-28,6,Saturday,9,2,February,1,2026,28,True,False,True,False,False,,False,,3,14,,False,22.0,0.0,54.9,Pleasant,7.35,108.61,6.46,101.21,,,,206007.83,88259.17,False
